[
    { 
      "mailTitle": "New Updates from Authors You Follow", 
      "mailId": "3993578",
      "message": "Hana, Some of the authors you follow wrote blog posts this week: 23470 Blog posts by Bill Gates This organization is working to create a world without pandemics Published on January 18, 2022 00:00",
      "isStarred": false,
      "isImportant": false,
      "isSelected": false,
      "senderId": 1,
      "senderName": "noreply@mail.com",
      "hasAttachment": false,
      "dateTime": "2022-10-01" 
    },
    { 
      "mailTitle": "The Goodreads Newsletter: January 19, 2022", 
      "mailId": "3992817",
      "message": "The Goodreads Newsletter: January 19, 2022", 
      "isStarred": false,
      "isImportant": false,
      "isSelected": false,
      "senderId": 1,
      "senderName": "noreply@mail.com",
      "hasAttachment": false,
      "dateTime": "2020-16-11"
    },
    { 
      "mailTitle": "Hana, stand out in your job search for Software Engineer roles", 
      "mailId": "3987805",
      "message": "Hana, stand out in your job search for Software Engineer roles", 
      "isStarred": false,
      "isImportant": false,
      "isSelected": false,
      "senderId": 1,
      "senderName": "noreply@mail.com",
      "hasAttachment": false,
      "dateTime": "2016-10-05"
    },
    { 
      "mailTitle": "Zerihun Abiy and 2 others commented on Zerihun Abiy’s post", 
      "mailId": "3984284",
      "message": "Zerihun Abiy and 2 others commented on Zerihun Abiy’s post", 
      "isStarred": false,
      "isImportant": false,
      "isSelected": false,
      "senderId": 1,
      "senderName": "noreply@mail.com",
      "hasAttachment": false,
      "dateTime": "2016-08-04"
    },
    { 
      "mailTitle": "Slow fashion and at-home studios!", 
      "mailId": "3983364",
      "message": "Slow fashion and at-home studios!", 
      "isStarred": false,
      "isImportant": false,
      "isSelected": false,
      "senderId": 1,
      "senderName": "noreply@mail.com",
      "hasAttachment": false,
      "dateTime": "2022-10-01"
    },
    { 
      "mailTitle": "Helina likes your review", 
      "mailId": "3979242",
      "message": "Helina likes your review", 
      "isStarred": false,
      "isImportant": false,
      "isSelected": false,
      "senderId": 1,
      "senderName": "noreply@mail.com",
      "hasAttachment": false,
      "dateTime": "2022-10-01"
    },
    { 
      "mailTitle": "Updates from Henok, Helina", 
      "mailId": "3978972",
      "message": "Updates from Henok, Helina", 
      "isStarred": false,
      "isImportant": false,
      "isSelected": false,
      "senderId": 1,
      "senderName": "noreply@mail.com",
      "hasAttachment": false,
      "dateTime": "2022-10-01"
    },
    { 
      "mailTitle": "New Updates from Authors You Follow", 
      "mailId": "3977089",
      "message": "New Updates from Authors You Follow", 
      "isStarred": false,
      "isImportant": false,
      "isSelected": false,
      "senderId": 1,
      "senderName": "noreply@mail.com",
      "hasAttachment": false,
      "dateTime": "2022-10-01"
    },
    { 
      "mailTitle": "Meet your goals & find your people this year 🙌", 
      "mailId": "3973635",
      "message": "Meet your goals & find your people this year 🙌", 
      "isStarred": false,
      "isImportant": false,
      "isSelected": false,
      "senderId": 1,
      "senderName": "noreply@mail.com",
      "hasAttachment": false,
      "dateTime": "2022-10-01"
    },
    { 
      "mailTitle": "Hana, stand out in your job search for Software Engineer roles", 
      "mailId": "3971343",
      "message": "Hana, stand out in your job search for Software Engineer roles", 
      "isStarred": false,
      "isImportant": false,
      "isSelected": false,
      "senderId": 1,
      "senderName": "noreply@mail.com",
      "hasAttachment": false,
      "dateTime": "2022-10-01"
    },
    { 
      "mailTitle": "LAST CHANCE to get 30% off!", 
      "mailId": "3969532",
      "message": "LAST CHANCE to get 30% off!", 
      "isStarred": false,
      "isImportant": false,
      "isSelected": false,
      "senderId": 1,
      "senderName": "noreply@mail.com",
      "hasAttachment": false,
      "dateTime": "2022-10-01"
    },
    { 
      "mailTitle": "Tewodaj Abebe invited you to follow a page in the past week", 
      "mailId": "3969580",
      "message": "Tewodaj Abebe invited you to follow a page in the past week", 
      "isStarred": false,
      "isImportant": false,
      "isSelected": false,
      "senderId": 1,
      "senderName": "noreply@mail.com",
      "hasAttachment": false,
      "dateTime": "2022-10-01"
    },
    { 
      "mailTitle": "Shadows and trends in 2022!", 
      "mailId": "3969627",
      "message": "Shadows and trends in 2022!", 
      "isStarred": false,
      "isImportant": false,
      "isSelected": false,
      "senderId": 1,
      "senderName": "noreply@mail.com",
      "hasAttachment": false,
      "dateTime": "2022-10-01"
    },
    { 
      "mailTitle": "Updates from Henok, YITE", 
      "mailId": "3961486",
      "message": "Updates from Henok, YITE", 
      "isStarred": false,
      "isImportant": false,
      "isSelected": false,
      "senderId": 1,
      "senderName": "noreply@mail.com",
      "hasAttachment": false,
      "dateTime": "2022-10-01"
    },
    { 
      "mailTitle": "Join the 2022 Goodreads Reading Challenge!", 
      "mailId": "3961208",
      "message": "Join the 2022 Goodreads Reading Challenge!", 
      "isStarred": false,
      "isImportant": false,
      "isSelected": false,
      "senderId": 1,
      "senderName": "noreply@mail.com",
      "hasAttachment": false,
      "dateTime": "2022-10-01"
    },
    { 
      "mailTitle": "Henok likes your status update", 
      "mailId": "3956916",
      "message": "Henok likes your status update", 
      "isStarred": false,
      "isImportant": false,
      "isSelected": false,
      "senderId": 1,
      "senderName": "noreply@mail.com",
      "hasAttachment": false,
      "dateTime": "2022-10-01"
    },
    { 
      "mailTitle": "Henok likes your challenge", 
      "mailId": "3956969",
      "message": "Henok likes your challenge", 
      "isStarred": false,
      "isImportant": false,
      "isSelected": false,
      "senderId": 1,
      "senderName": "noreply@mail.com",
      "hasAttachment": false,
      "dateTime": "2022-10-01"
    },
    { 
      "mailTitle": "The Goodreads Newsletter: January 4, 2022", 
      "mailId": "3956503",
      "message": "The Goodreads Newsletter: January 4, 2022", 
      "isStarred": false,
      "isImportant": false,
      "isSelected": false,
      "senderId": 1,
      "senderName": "noreply@mail.com",
      "hasAttachment": false,
      "dateTime": "2022-10-01"
    },
    { 
      "mailTitle": "Nib InternationalBank invited you to follow a page in the past week", 
      "mailId": "3955911",
      "message": "Nib InternationalBank invited you to follow a page in the past week", 
      "isStarred": false,
      "isImportant": false,
      "isSelected": false,
      "senderId": 1,
      "senderName": "noreply@mail.com",
      "hasAttachment": false,
      "dateTime": "2022-10-01"
    },
    { 
      "mailTitle": "Hana, stand out in your job search for Software Engineer roles", 
      "mailId": "3955144",
      "message": "Hana, stand out in your job search for Software Engineer roles", 
      "isStarred": false,
      "isImportant": false,
      "isSelected": false,
      "senderId": 1,
      "senderName": "noreply@mail.com",
      "hasAttachment": false,
      "dateTime": "2022-10-01"
    },
    { 
      "mailTitle": "Introducing Vault by 500px an NFT marketplace!", 
      "mailId": "3953170",
      "message": "Introducing Vault by 500px an NFT marketplace!", 
      "isStarred": false,
      "isImportant": false,
      "isSelected": false,
      "senderId": 1,
      "senderName": "noreply@mail.com",
      "hasAttachment": false,
      "dateTime": "2022-10-01"
    },
    { 
      "mailTitle": "Make 2022 a year of real connections ✨", 
      "mailId": "3953220",
      "message": "Make 2022 a year of real connections ✨", 
      "isStarred": false,
      "isImportant": false,
      "isSelected": false,
      "senderId": 1,
      "senderName": "noreply@mail.com",
      "hasAttachment": false,
      "dateTime": "2022-10-01"
    },
    { 
      "mailTitle": "New 500px Spotlight and jaw-dropping weather photos!", 
      "mailId": "3953292",
      "message": "New 500px Spotlight and jaw-dropping weather photos!", 
      "isStarred": false,
      "isImportant": false,
      "isSelected": false,
      "senderId": 1,
      "senderName": "noreply@mail.com",
      "hasAttachment": false,
      "dateTime": "2022-10-01"
    },
    { 
      "mailTitle": "Updates from Henok", 
      "mailId": "3945748",
      "message": "Updates from Henok", 
      "isStarred": false,
      "isImportant": false,
      "isSelected": false,
      "senderId": 1,
      "senderName": "noreply@mail.com",
      "hasAttachment": false,
      "dateTime": "2022-10-01"
    }
  ]